{"RuleTriggered": 8, "Violations": 8, "Details": {"algo-1": {"cpu": {"p25": 12.751875, "p50": 13.25, "p75": 13.981250000000001, "p95": 35.362624999999994, "upper": 15.825312500000003, "lower": 10.907812499999999}, "gpu0": {"p25": 0.0, "p50": 0.0, "p75": 0.0, "p95": 17.0, "upper": 0.0, "lower": 0.0}, "gpu0_memory": {"p25": 0.0, "p50": 0.0, "p75": 0.0, "p95": 0.0, "upper": 0.0, "lower": 0.0}}, "last_timestamp": 1675404480000000}, "Datapoints": 1875, "RuleParameters": "cpu_threshold_p95:70\ngpu_threshold_p95:70\ngpu_memory_threshold_p95:70\npatience:1000\nwindow:500"}