{"RuleTriggered": 1, "Violations": 2, "Details": {"pin_memory": false, "num_workers": 0, "cores": 8, "dataloaders": 1, "dataloading_time": {"p25": 4.32072825, "p50": 4.3383164999999995, "p95": 4.37554305, "probs": [1, 0, 0, 0, 0, 0, 0, 0, 0, 0, 0, 0, 0, 0, 0, 0, 0, 0, 0, 0, 0, 0, 0, 0, 0, 0, 0, 0, 0, 0, 0, 0, 0, 0, 0, 0, 0, 0, 0, 0, 0, 0, 0, 0, 0, 0, 0, 0, 0, 0, 0, 0, 0, 0, 0, 0, 0, 0, 0, 0, 0, 0, 0, 0, 0, 0, 0, 0, 0, 0, 0, 0, 0, 0, 0, 0, 0, 0, 0, 0, 0, 0, 0, 0, 0, 0, 0, 0, 0, 0, 0, 0, 0, 0, 0, 4, 5, 1, 0, 1], "binedges": [2.426192, 2.4459861899999997, 2.46578038, 2.48557457, 2.50536876, 2.52516295, 2.5449571399999997, 2.56475133, 2.58454552, 2.60433971, 2.6241339, 2.64392809, 2.66372228, 2.68351647, 2.70331066, 2.72310485, 2.74289904, 2.76269323, 2.78248742, 2.80228161, 2.8220758, 2.84186999, 2.86166418, 2.88145837, 2.90125256, 2.92104675, 2.94084094, 2.96063513, 2.98042932, 3.00022351, 3.0200177, 3.03981189, 3.05960608, 3.07940027, 3.09919446, 3.11898865, 3.13878284, 3.15857703, 3.17837122, 3.19816541, 3.2179596, 3.23775379, 3.25754798, 3.27734217, 3.29713636, 3.31693055, 3.33672474, 3.35651893, 3.37631312, 3.39610731, 3.4159015, 3.43569569, 3.45548988, 3.47528407, 3.49507826, 3.5148724500000004, 3.53466664, 3.55446083, 3.57425502, 3.59404921, 3.6138434000000004, 3.63363759, 3.65343178, 3.67322597, 3.69302016, 3.7128143500000004, 3.73260854, 3.75240273, 3.77219692, 3.79199111, 3.8117853000000004, 3.83157949, 3.85137368, 3.87116787, 3.89096206, 3.9107562500000004, 3.93055044, 3.95034463, 3.97013882, 3.98993301, 4.0097272, 4.02952139, 4.04931558, 4.06910977, 4.08890396, 4.10869815, 4.12849234, 4.14828653, 4.168080720000001, 4.18787491, 4.2076691, 4.22746329, 4.24725748, 4.267051670000001, 4.28684586, 4.30664005, 4.32643424, 4.34622843, 4.366022620000001, 4.38581681, 4.405611]}}, "Datapoints": 12, "RuleParameters": "min_threshold:70\nmax_threshold:200"}