{"RuleTriggered": 0, "Violations": 9, "Details": {"low_gpu_utilization": 1737, "bottlenecks": {"1675404571.500332": {"GPUs": 1, "CPUs": 1}, "1675404572.500362": {"GPUs": 1, "CPUs": 1}, "1675404573.000333": {"GPUs": 1, "CPUs": 1}, "1675404581.500351": {"GPUs": 1, "CPUs": 1}, "1675405432.500367": {"GPUs": 1, "CPUs": 1}, "1675405435.500359": {"GPUs": 1, "CPUs": 1}, "1675405437.500355": {"GPUs": 1, "CPUs": 1}, "1675405438.000337": {"GPUs": 1, "CPUs": 1}, "1675405439.500352": {"GPUs": 1, "CPUs": 1}}}, "Datapoints": 1877, "RuleParameters": "threshold:50\nio_threshold:50\ngpu_threshold:10\npatience:1000"}