{"RuleTriggered": 0, "Violations": 0, "Details": {"step_num": {"first": 1675404603161178, "last": 1675405438068879}, "job_start": 1675404502.000255, "job_end": 1675405439.500616}, "Datapoints": 65, "RuleParameters": "threshold:20"}