{"RuleTriggered": 0, "Violations": 0, "Details": {"ratio": {"gpu_functions-dev:0": 50.42764686562107, "cpu_functions": 49.57235313437893}, "phase": {"Step:ModeKeys.TRAIN": 119.82914484236609, "others": -20.493574981412074, "Step:ModeKeys.EVAL": 0.6644301390459808}, "phase_time": {}, "CPU": {"aten::to": 5.4950242874277135, "aten::copy_": 4.286168305665003, "aten::item": 3.7394394167568206, "enumerate(DataLoader)#_SingleProcessDataLoaderIter.__next__": 76.39901203147005, "aten::lt": 4.831537774371912, "aten::eq": 5.24881818430852}, "CPU_total": {"aten::to": 3747103, "aten::copy_": 2922774, "aten::item": 2549955, "enumerate(DataLoader)#_SingleProcessDataLoaderIter.__next__": 52097125, "aten::lt": 3294666, "aten::eq": 3579213}, "GPU": {"aten::conv2d": 3.042368364725235, "aten::convolution": 3.0365296184389035, "aten::_convolution": 3.0311113553258924, "aten::cudnn_convolution": 3.0241474272146545, "aten::to": 4.523294527711288, "aten::copy_": 3.522115007520744, "aten::item": 3.304309914890702, "enumerate(DataLoader)#_SingleProcessDataLoaderIter.__next__": 67.61146856434704, "aten::lt": 4.2666933734045145, "aten::eq": 4.637961846421039}, "GPU_total": {"aten::conv2d": 2344273, "aten::convolution": 2339774, "aten::_convolution": 2335599, "aten::cudnn_convolution": 2330233, "aten::to": 3485389, "aten::copy_": 2713938, "aten::item": 2546110, "enumerate(DataLoader)#_SingleProcessDataLoaderIter.__next__": 52097485, "aten::lt": 3287667, "aten::eq": 3573745}, "general": {"DataLoaderIterInitialize": 8.765041290192165e-05, "DataLoaderIter": 4.431703129606589, "Forward": 95.5682092199805}}, "Datapoints": 0, "RuleParameters": ""}